DeviceID,MB121281
Current State,USB Connection
                                                                                 
Time Zone,(GMT-06:00)mm/dd/yy
Date,Time,â„ƒ,%RH
 21/11/25,13:52:22,24.27,65.04
 21/11/25,14:52:22,23.36,56.88
 21/11/25,15:52:22,23.36,57.39
 21/11/25,16:52:22,23.31,58.86
 21/11/25,17:52:22,23.19,56.83
 21/11/25,18:52:22,23.27,56.81
 21/11/25,19:52:22,23.30,54.26
 21/11/25,20:52:22,22.70,53.61
 21/11/25,21:52:22,22.02,53.71
 21/11/25,22:52:22,21.60,53.87
 21/11/25,23:52:22,21.25,53.86
 22/11/25,00:52:22,21.03,53.81
 22/11/25,01:52:22,20.75,53.79
 22/11/25,02:52:22,20.60,53.76
 22/11/25,03:52:22,20.42,53.72
 22/11/25,04:52:22,20.31,54.16
 22/11/25,05:52:22,20.27,54.62
 22/11/25,06:52:22,20.27,54.91
 22/11/25,07:52:22,20.41,55.07
 22/11/25,08:52:22,20.63,55.63
 22/11/25,09:52:22,20.95,56.04
 22/11/25,10:52:22,21.30,56.13
 22/11/25,11:52:22,21.63,56.08
 22/11/25,12:52:22,21.94,56.12
 22/11/25,13:52:22,22.14,56.42
 22/11/25,14:52:22,22.31,56.36
 22/11/25,15:52:22,22.41,56.47
 22/11/25,16:52:22,22.49,56.52
 22/11/25,17:52:22,22.44,56.50
 22/11/25,18:52:22,22.41,56.50
 22/11/25,19:52:22,22.35,56.59
 22/11/25,20:52:22,22.27,56.65
 22/11/25,21:52:22,22.20,56.76
 22/11/25,22:52:22,22.17,57.03
 22/11/25,23:52:22,22.19,57.11
 23/11/25,00:52:22,22.19,57.28
 23/11/25,01:52:22,22.20,57.44
 23/11/25,02:52:22,22.19,57.50
 23/11/25,03:52:22,22.25,57.66
 23/11/25,04:52:22,22.24,57.77
 23/11/25,05:52:22,22.24,57.90
 23/11/25,06:52:22,22.22,57.80
 23/11/25,07:52:22,22.30,57.76
 23/11/25,08:52:22,22.36,57.77
 23/11/25,09:52:22,22.44,57.39
 23/11/25,10:52:22,22.61,57.42
 23/11/25,11:52:22,22.74,57.32
 23/11/25,12:52:22,22.95,57.15
 23/11/25,13:52:22,23.14,57.27
 23/11/25,14:52:22,23.22,57.49
 23/11/25,15:52:22,23.27,57.49
 23/11/25,16:52:22,23.25,57.57
 23/11/25,17:52:22,23.13,57.59
 23/11/25,18:52:22,23.03,57.60
 23/11/25,19:52:22,22.97,57.58
 23/11/25,20:52:22,22.83,57.51
 23/11/25,21:52:22,22.72,57.47
 23/11/25,22:52:22,22.64,57.54
 23/11/25,23:52:22,22.60,57.86
 24/11/25,00:52:22,22.53,58.06
 24/11/25,01:52:22,22.50,58.25
 24/11/25,02:52:22,22.49,58.30
 24/11/25,03:52:22,22.47,58.38
 24/11/25,04:52:22,22.45,58.43
 24/11/25,05:52:22,22.47,58.49
 24/11/25,06:52:22,22.44,58.57
 24/11/25,07:52:22,22.47,57.37
 24/11/25,08:52:22,22.83,55.77
 24/11/25,09:52:22,23.33,55.48
 24/11/25,10:52:22,23.55,54.69
 24/11/25,11:52:22,23.35,58.52
 24/11/25,12:52:22,23.63,58.94
 24/11/25,13:52:22,23.13,63.62
 24/11/25,14:52:22,22.81,64.35
 24/11/25,15:52:22,22.94,67.17
 24/11/25,16:52:22,23.31,64.56
 24/11/25,17:52:22,23.36,62.41
 24/11/25,18:52:22,23.36,61.83
 24/11/25,19:52:22,22.88,56.88
 24/11/25,20:52:22,22.24,56.55
 24/11/25,21:52:22,21.78,56.33
 24/11/25,22:52:22,21.45,56.18
 24/11/25,23:52:22,21.17,55.97
 25/11/25,00:52:22,21.00,55.82
 25/11/25,01:52:22,20.83,55.70
 25/11/25,02:52:22,20.69,55.63
 25/11/25,03:52:22,20.50,55.45
 25/11/25,04:52:22,20.36,55.26
 25/11/25,05:52:22,20.28,56.97
 25/11/25,06:52:22,20.45,57.62
 25/11/25,07:52:22,20.89,61.06
 25/11/25,08:52:22,21.55,65.48
 25/11/25,09:52:22,21.91,66.21
 25/11/25,10:52:22,22.31,64.75
 25/11/25,11:52:22,22.83,62.49
 25/11/25,12:52:22,22.97,60.78
 25/11/25,13:52:22,23.13,61.05
 25/11/25,14:52:22,23.25,60.66
 25/11/25,15:52:22,23.24,60.16
 25/11/25,16:52:22,23.10,62.07
 25/11/25,17:52:22,22.89,58.28
 25/11/25,18:52:22,22.39,56.79
 25/11/25,19:52:22,21.88,56.57
 25/11/25,20:52:22,21.45,56.33
 25/11/25,21:52:22,21.16,56.20
 25/11/25,22:52:22,20.95,55.99
 25/11/25,23:52:22,20.74,56.15
 26/11/25,00:52:22,20.55,55.91
 26/11/25,01:52:22,20.38,55.93
 26/11/25,02:52:22,20.24,55.71
 26/11/25,03:52:22,20.10,55.68
 26/11/25,04:52:22,19.99,55.54
 26/11/25,05:52:22,19.92,55.55
 26/11/25,06:52:22,20.13,57.53
 26/11/25,07:52:22,20.67,59.40
 26/11/25,08:52:22,21.50,59.01
 26/11/25,09:52:22,22.19,60.09
 26/11/25,10:52:22,22.02,63.41
 26/11/25,11:52:22,22.06,64.54
 26/11/25,12:52:22,22.55,64.37
 26/11/25,13:52:22,22.11,64.70
 26/11/25,14:52:22,22.45,65.37
 26/11/25,15:52:22,22.44,63.50
 26/11/25,16:52:22,22.63,63.18
 26/11/25,17:52:22,22.81,63.54
 26/11/25,18:52:22,22.86,61.71
 26/11/25,19:52:22,22.77,59.60
 26/11/25,20:52:22,22.61,56.41
 26/11/25,21:52:22,22.42,55.88
 26/11/25,22:52:22,22.35,55.22
 26/11/25,23:52:22,22.28,54.98
 27/11/25,00:52:22,22.20,54.86
 27/11/25,01:52:22,22.14,54.37
 27/11/25,02:52:22,22.05,53.95
 27/11/25,03:52:22,21.95,53.66
 27/11/25,04:52:22,21.89,53.67
 27/11/25,05:52:22,21.88,54.02
 27/11/25,06:52:22,22.10,55.26
 27/11/25,07:52:22,22.42,57.94
 27/11/25,08:52:22,22.66,58.56
 27/11/25,09:52:22,22.94,59.03
 27/11/25,10:52:22,23.14,60.02
 27/11/25,11:52:22,23.39,57.90
 27/11/25,12:52:22,23.30,60.41
 27/11/25,13:52:22,23.35,58.98
 27/11/25,14:52:22,23.44,61.68
 27/11/25,15:52:22,23.66,59.60
 27/11/25,16:52:22,23.41,57.53
 27/11/25,17:52:22,23.24,56.08
 27/11/25,18:52:22,22.49,55.24
 27/11/25,19:52:22,21.95,55.49
 27/11/25,20:52:22,21.63,55.31
 27/11/25,21:52:22,21.33,55.21
 27/11/25,22:52:22,21.16,55.22
 27/11/25,23:52:22,20.95,55.20
 28/11/25,00:52:22,20.83,55.02
 28/11/25,01:52:22,20.67,54.80
 28/11/25,02:52:22,20.53,54.79
 28/11/25,03:52:22,20.38,54.64
 28/11/25,04:52:22,20.28,54.64
 28/11/25,05:52:22,20.19,54.53
 28/11/25,06:52:22,20.06,54.38
 28/11/25,07:52:22,20.47,58.08
 28/11/25,08:52:22,20.75,59.60
 28/11/25,09:52:22,20.91,59.47
 28/11/25,10:52:22,20.70,64.84
 28/11/25,11:52:22,20.99,66.14
 28/11/25,12:52:22,22.02,64.32
 28/11/25,13:52:22,22.06,64.36
 28/11/25,14:52:22,21.64,66.33
 28/11/25,15:52:22,21.41,67.00
 28/11/25,16:52:22,21.39,67.58
 28/11/25,17:52:22,21.27,67.57
 28/11/25,18:52:22,21.06,67.44
 28/11/25,19:52:22,21.28,62.27
 28/11/25,20:52:22,20.99,60.50
 28/11/25,21:52:22,20.77,59.68
 28/11/25,22:52:22,20.58,59.08
 28/11/25,23:52:22,20.41,58.60
 29/11/25,00:52:22,20.20,58.01
 29/11/25,01:52:22,20.03,57.39
 29/11/25,02:52:22,19.88,57.10
 29/11/25,03:52:22,19.80,56.96
 29/11/25,04:52:22,19.67,56.57
 29/11/25,05:52:22,19.53,56.18
 29/11/25,06:52:22,19.53,57.13
 29/11/25,07:52:22,19.70,57.83
 29/11/25,08:52:22,20.35,58.64
 29/11/25,09:52:22,21.03,57.70
 29/11/25,10:52:22,21.10,57.37
 29/11/25,11:52:22,21.16,57.34
 29/11/25,12:52:22,21.30,56.20
 29/11/25,13:52:22,21.35,55.94
 29/11/25,14:52:22,21.28,55.32
 29/11/25,15:52:22,21.14,54.89
 29/11/25,16:52:22,21.00,54.74
 29/11/25,17:52:22,20.78,54.45
 29/11/25,18:52:22,20.63,54.61
 29/11/25,19:52:22,20.49,54.68
 29/11/25,20:52:22,20.38,54.62
 29/11/25,21:52:22,20.24,54.62
 29/11/25,22:52:22,20.24,56.72
 29/11/25,23:52:22,20.41,57.49
 30/11/25,00:52:22,20.50,57.84
 30/11/25,01:52:22,20.61,58.11
 30/11/25,02:52:22,20.69,58.39
 30/11/25,03:52:22,20.74,58.51
 30/11/25,04:52:22,20.80,58.64
 30/11/25,05:52:22,20.88,59.04
 30/11/25,06:52:22,20.92,59.16
 30/11/25,07:52:22,21.05,59.04
 30/11/25,08:52:22,21.25,58.87
 30/11/25,09:52:22,21.50,58.59
 30/11/25,10:52:22,21.77,57.80
 30/11/25,11:52:22,21.74,56.28
 30/11/25,12:52:22,21.64,55.44
 30/11/25,13:52:22,21.58,55.07
 30/11/25,14:52:22,21.53,54.86
 30/11/25,15:52:22,21.50,54.58
 30/11/25,16:52:22,21.33,54.59
 30/11/25,17:52:22,21.16,54.14
 30/11/25,18:52:22,20.95,54.03
 30/11/25,19:52:22,20.78,54.00
 30/11/25,20:52:22,20.66,53.91
 30/11/25,21:52:22,20.55,54.02
 30/11/25,22:52:22,20.44,54.06
 30/11/25,23:52:22,20.36,53.95
 01/12/25,00:52:22,20.28,53.99
 01/12/25,01:52:22,20.20,53.90
 01/12/25,02:52:22,20.11,53.80
 01/12/25,03:52:22,20.03,53.73
 01/12/25,04:52:22,20.02,53.71
 01/12/25,05:52:22,19.92,53.61
 01/12/25,06:52:22,19.88,53.58
 01/12/25,07:52:22,20.31,57.41
 01/12/25,08:52:22,21.08,58.76
 01/12/25,09:52:22,21.64,58.06
 01/12/25,10:52:22,22.14,58.60
 01/12/25,11:52:22,22.47,59.31
 01/12/25,12:52:22,22.67,59.80
 01/12/25,13:52:22,22.86,60.72
 01/12/25,14:52:22,21.75,65.19
 01/12/25,15:52:22,21.53,67.12
 01/12/25,16:52:22,21.47,67.67
 01/12/25,17:52:22,21.83,61.52
 01/12/25,18:52:22,21.50,59.44
 01/12/25,19:52:22,21.16,58.52
 01/12/25,20:52:22,20.91,57.72
 01/12/25,21:52:22,20.72,57.18
 01/12/25,22:52:22,20.55,56.96
 01/12/25,23:52:22,20.42,56.62
 02/12/25,00:52:22,20.31,56.36
 02/12/25,01:52:22,20.19,56.20
 02/12/25,02:52:22,20.13,56.21
 02/12/25,03:52:22,20.00,56.12
 02/12/25,04:52:22,19.92,55.75
 02/12/25,05:52:22,19.81,55.66
 02/12/25,06:52:22,19.75,55.53
 02/12/25,07:52:22,20.19,60.77
 02/12/25,08:52:22,20.94,60.56
 02/12/25,09:52:22,21.47,60.54
 02/12/25,10:52:22,21.36,66.27
 02/12/25,11:52:22,21.58,65.23
 02/12/25,12:52:22,21.95,64.95
 02/12/25,13:52:22,21.75,68.77
 02/12/25,14:52:22,22.08,69.20
 02/12/25,15:52:22,22.03,67.34
 02/12/25,16:52:22,22.47,67.24
 02/12/25,17:52:22,22.60,60.27
 02/12/25,18:52:22,21.92,58.88
 02/12/25,19:52:22,21.42,58.42
 02/12/25,20:52:22,21.08,58.14
 02/12/25,21:52:22,20.83,57.89
 02/12/25,22:52:22,20.56,57.57
 02/12/25,23:52:22,20.38,57.32
 03/12/25,00:52:22,20.24,57.22
 03/12/25,01:52:22,20.11,56.96
 03/12/25,02:52:22,20.02,56.81
 03/12/25,03:52:22,19.89,56.89
 03/12/25,04:52:22,19.70,56.88
 03/12/25,05:52:22,19.58,56.64
 03/12/25,06:52:22,19.47,56.22
 03/12/25,07:52:22,19.81,58.89
 03/12/25,08:52:22,20.70,60.40
 03/12/25,09:52:22,21.38,59.75
 03/12/25,10:52:22,22.11,66.34
 03/12/25,11:52:22,22.52,65.08
 03/12/25,12:52:22,22.77,63.64
 03/12/25,13:52:22,22.67,65.55
 03/12/25,14:52:22,22.31,66.91
 03/12/25,15:52:22,22.49,65.99
 03/12/25,16:52:22,22.69,65.20
 03/12/25,17:52:22,22.63,60.14
 03/12/25,18:52:22,22.24,60.67
 03/12/25,19:52:22,21.70,58.15
 03/12/25,20:52:22,21.22,57.71
 03/12/25,21:52:22,20.92,57.66
 03/12/25,22:52:22,20.69,57.35
 03/12/25,23:52:22,20.52,57.19
 04/12/25,00:52:22,20.39,57.14
 04/12/25,01:52:22,20.24,56.91
 04/12/25,02:52:22,20.14,56.87
 04/12/25,03:52:22,19.99,56.90
 04/12/25,04:52:22,19.86,56.75
 04/12/25,05:52:22,19.75,56.53
 04/12/25,06:52:22,19.63,56.40
 04/12/25,07:52:22,19.80,60.05
 04/12/25,08:52:22,20.14,60.21
 04/12/25,09:52:22,20.78,63.45
 04/12/25,10:52:22,21.33,63.27
 04/12/25,11:52:22,22.11,60.78
 04/12/25,12:52:22,22.49,59.57
 04/12/25,13:52:22,22.86,58.55
 04/12/25,14:52:22,23.10,58.66
 04/12/25,15:52:22,23.66,65.16
 04/12/25,16:52:22,23.75,61.00
 04/12/25,17:52:22,23.39,57.20
 04/12/25,18:52:22,23.05,59.47
 04/12/25,19:52:22,22.36,56.44
 04/12/25,20:52:22,21.74,56.26
 04/12/25,21:52:22,21.33,56.33
 04/12/25,22:52:22,21.00,56.41
 04/12/25,23:52:22,20.80,56.45
 05/12/25,00:52:22,20.58,56.34
 05/12/25,01:52:22,20.44,56.31
 05/12/25,02:52:22,20.28,56.33
 05/12/25,03:52:22,20.14,56.20
 05/12/25,04:52:22,20.00,56.10
 05/12/25,05:52:22,19.85,56.08
 05/12/25,06:52:22,19.69,55.85
 05/12/25,07:52:22,20.16,58.43
 05/12/25,08:52:22,21.11,58.33
 05/12/25,09:52:22,21.86,58.59
 05/12/25,10:52:22,22.50,59.28
 05/12/25,11:52:22,22.85,59.63
 05/12/25,12:52:22,22.92,57.55
 05/12/25,13:52:22,23.20,58.07
 05/12/25,14:52:22,23.38,57.64
 05/12/25,15:52:22,23.44,57.04
 05/12/25,16:52:22,23.47,55.83
 05/12/25,17:52:22,22.67,55.39
 05/12/25,18:52:22,22.02,55.14
 05/12/25,19:52:22,21.58,55.07
 05/12/25,20:52:22,21.30,55.27
 05/12/25,21:52:22,21.03,55.24
 05/12/25,22:52:22,20.85,55.20
 05/12/25,23:52:22,20.70,55.20
 06/12/25,00:52:22,20.56,55.17
 06/12/25,01:52:22,20.44,55.14
 06/12/25,02:52:22,20.31,55.11
 06/12/25,03:52:22,20.17,55.09
 06/12/25,04:52:22,20.08,55.03
 06/12/25,05:52:22,19.95,54.94
 06/12/25,06:52:22,19.88,54.91
 06/12/25,07:52:22,19.80,54.75
 06/12/25,08:52:22,19.77,54.77
 06/12/25,09:52:22,19.89,54.78
 06/12/25,10:52:22,20.00,54.83
 06/12/25,11:52:22,20.16,54.94
 06/12/25,12:52:22,20.31,54.83
 06/12/25,13:52:22,20.36,54.77
 06/12/25,14:52:22,20.41,54.79
 06/12/25,15:52:22,20.49,54.76
 06/12/25,16:52:22,20.49,54.71
 06/12/25,17:52:22,20.45,54.63
 06/12/25,18:52:22,20.39,54.55
 06/12/25,19:52:22,20.31,54.51
 06/12/25,20:52:22,20.20,54.52
 06/12/25,21:52:22,20.10,54.42
 06/12/25,22:52:22,20.03,54.41
 06/12/25,23:52:22,19.92,54.37
 07/12/25,00:52:22,19.81,54.22
 07/12/25,01:52:22,19.72,54.28
 07/12/25,02:52:22,19.64,54.20
 07/12/25,03:52:22,19.58,54.16
 07/12/25,04:52:22,19.55,54.14
 07/12/25,05:52:22,19.52,54.12
 07/12/25,06:52:22,19.50,54.08
 07/12/25,07:52:22,19.47,54.62
 07/12/25,08:52:22,19.77,55.73
 07/12/25,09:52:22,20.10,56.03
 07/12/25,10:52:22,20.27,56.42
 07/12/25,11:52:22,20.50,56.92
 07/12/25,12:52:22,20.74,56.87
 07/12/25,13:52:22,20.95,56.72
 07/12/25,14:52:22,21.10,56.66
 07/12/25,15:52:22,21.13,55.57
 07/12/25,16:52:22,21.00,54.94
 07/12/25,17:52:22,20.81,54.78
 07/12/25,18:52:22,20.64,54.72
 07/12/25,19:52:22,20.49,54.56
 07/12/25,20:52:22,20.30,54.46
 07/12/25,21:52:22,20.14,54.24
 07/12/25,22:52:22,19.99,54.36
 07/12/25,23:52:22,19.86,54.38
 08/12/25,00:52:22,19.75,54.33
 08/12/25,01:52:22,19.66,54.92
 08/12/25,02:52:22,19.74,55.43
 08/12/25,03:52:22,19.75,55.79
 08/12/25,04:52:22,19.77,55.96
 08/12/25,05:52:22,19.77,56.16
 08/12/25,06:52:22,19.77,56.24
 08/12/25,07:52:22,19.81,56.32
 08/12/25,08:52:22,19.94,56.47
 08/12/25,09:52:22,20.20,56.83
 08/12/25,10:52:22,20.36,56.94
 08/12/25,11:52:22,20.70,57.03
 08/12/25,12:52:22,20.85,57.14
 08/12/25,13:52:22,21.00,56.92
 08/12/25,14:52:22,21.13,56.96
 08/12/25,15:52:22,21.13,56.82
 08/12/25,16:52:22,21.11,56.76
 08/12/25,17:52:22,21.08,56.81
 08/12/25,18:52:22,20.97,56.62
 08/12/25,19:52:22,20.85,56.46
 08/12/25,20:52:22,20.77,56.51
 08/12/25,21:52:22,20.69,56.50
 08/12/25,22:52:22,20.61,56.48
 08/12/25,23:52:22,20.56,56.51
 09/12/25,00:52:22,20.49,56.51
 09/12/25,01:52:22,20.36,56.40
 09/12/25,02:52:22,20.33,56.55
 09/12/25,03:52:22,20.25,56.57
 09/12/25,04:52:22,20.11,56.49
 09/12/25,05:52:22,20.10,56.58
 09/12/25,06:52:22,20.14,58.07
 09/12/25,07:52:22,20.53,61.16
 09/12/25,08:52:22,21.35,59.63
 09/12/25,09:52:22,21.99,59.21
 09/12/25,10:52:22,22.44,63.30
 09/12/25,11:52:22,22.85,57.72
 09/12/25,12:52:22,22.88,55.43
 09/12/25,13:52:22,22.83,54.63
 09/12/25,14:52:22,22.83,54.39
 09/12/25,15:52:22,22.92,54.85
 09/12/25,16:52:22,22.72,54.68
 09/12/25,17:52:22,22.52,54.56
 09/12/25,18:52:22,21.99,54.53
 09/12/25,19:52:22,21.45,54.42
 09/12/25,20:52:22,21.10,54.67
 09/12/25,21:52:22,20.83,54.89
 09/12/25,22:52:22,20.60,54.99
 09/12/25,23:52:22,20.39,54.99
 10/12/25,00:52:22,20.27,54.97
 10/12/25,01:52:22,20.11,55.00
 10/12/25,02:52:22,20.02,54.96
 10/12/25,03:52:22,19.89,54.95
 10/12/25,04:52:22,19.77,54.90
 10/12/25,05:52:22,19.67,54.84
 10/12/25,06:52:22,19.55,54.77
 10/12/25,07:52:22,20.11,56.86
 10/12/25,08:52:22,21.00,56.39
 10/12/25,09:52:22,21.60,57.31
 10/12/25,10:52:22,22.24,56.76
 10/12/25,11:52:22,22.86,57.17
 10/12/25,12:52:22,23.25,56.92
 10/12/25,13:52:22,23.36,55.08
 10/12/25,14:52:22,23.36,54.18
 10/12/25,15:52:22,23.24,54.03
 10/12/25,16:52:22,23.16,53.82
 10/12/25,17:52:22,23.00,53.40
 10/12/25,18:52:22,22.44,54.15
 10/12/25,19:52:22,22.10,54.33
 10/12/25,20:52:22,21.66,54.06
 10/12/25,21:52:22,21.30,54.16
 10/12/25,22:52:22,21.08,54.30
 10/12/25,23:52:22,20.89,54.34
 11/12/25,00:52:22,20.72,54.37
 11/12/25,01:52:22,20.63,54.40
 11/12/25,02:52:22,20.49,54.35
 11/12/25,03:52:22,20.38,54.27
 11/12/25,04:52:22,20.28,54.27
 11/12/25,05:52:22,20.14,54.19
 11/12/25,06:52:22,20.03,54.16
 11/12/25,07:52:22,20.33,54.75
 11/12/25,08:52:22,21.06,54.60
 11/12/25,09:52:22,21.63,61.18
 11/12/25,10:52:22,22.36,57.85
 11/12/25,11:52:22,22.58,64.00
 11/12/25,12:52:22,22.17,56.36
 11/12/25,13:52:22,21.88,56.19
 11/12/25,14:52:22,22.28,57.78
 11/12/25,15:52:22,22.69,63.33
 11/12/25,16:52:22,22.85,58.05
 11/12/25,17:52:22,22.88,55.99
 11/12/25,18:52:22,22.22,54.56
 11/12/25,19:52:22,21.61,54.72
 11/12/25,20:52:22,21.22,54.81
 11/12/25,21:52:22,20.95,54.85
 11/12/25,22:52:22,20.77,54.95
 11/12/25,23:52:22,20.66,54.98
 12/12/25,00:52:22,20.52,54.92
 12/12/25,01:52:22,20.42,54.86
 12/12/25,02:52:22,20.31,54.68
 12/12/25,03:52:22,20.17,54.58
 12/12/25,04:52:22,20.00,54.54
 12/12/25,05:52:22,19.89,54.43
 12/12/25,06:52:22,19.78,55.41
 12/12/25,07:52:22,20.16,56.20
 12/12/25,08:52:22,21.00,56.06
 12/12/25,09:52:22,21.63,56.15
 12/12/25,10:52:22,21.88,55.90
 12/12/25,11:52:22,22.10,56.15
 12/12/25,12:52:22,21.86,56.34
 12/12/25,13:52:22,21.64,55.71
 12/12/25,14:52:22,21.38,54.75
 12/12/25,15:52:22,21.14,54.59
 12/12/25,16:52:22,20.94,54.48
 12/12/25,17:52:22,20.83,55.33
 12/12/25,18:52:22,20.97,56.04
 12/12/25,19:52:22,20.75,54.36
 12/12/25,20:52:22,20.55,54.22
 12/12/25,21:52:22,20.30,54.09
 12/12/25,22:52:22,20.13,53.97
 12/12/25,23:52:22,19.99,53.99
 13/12/25,00:52:22,19.83,53.89
 13/12/25,01:52:22,19.72,53.91
 13/12/25,02:52:22,19.70,54.91
 13/12/25,03:52:22,19.72,55.46
 13/12/25,04:52:22,19.77,55.83
 13/12/25,05:52:22,19.72,56.02
 13/12/25,06:52:22,19.72,56.10
 13/12/25,07:52:22,19.81,56.37
 13/12/25,08:52:22,19.99,56.61
 13/12/25,09:52:22,20.24,56.75
 13/12/25,10:52:22,20.53,57.17
 13/12/25,11:52:22,20.88,57.11
 13/12/25,12:52:22,21.20,57.02
 13/12/25,13:52:22,21.41,57.16
 13/12/25,14:52:22,21.61,57.08
 13/12/25,15:52:22,21.58,55.55
 13/12/25,16:52:22,21.35,54.99
 13/12/25,17:52:22,21.17,54.76
 13/12/25,18:52:22,21.03,54.76
 13/12/25,19:52:22,20.83,54.64
 13/12/25,20:52:22,20.67,54.79
 13/12/25,21:52:22,20.55,54.72
 13/12/25,22:52:22,20.41,54.69
 13/12/25,23:52:22,20.27,54.62
 14/12/25,00:52:22,20.13,54.61
 14/12/25,01:52:22,20.02,54.54
 14/12/25,02:52:22,19.89,54.50
 14/12/25,03:52:22,19.80,54.50
 14/12/25,04:52:22,19.69,54.94
 14/12/25,05:52:22,19.55,55.39
 14/12/25,06:52:22,19.53,56.19
 14/12/25,07:52:22,19.64,56.53
 14/12/25,08:52:22,19.86,56.90
 14/12/25,09:52:22,20.16,56.61
 14/12/25,10:52:22,20.53,56.62
 14/12/25,11:52:22,20.83,56.60
 14/12/25,12:52:22,21.11,56.78
 14/12/25,13:52:22,21.38,56.71
 14/12/25,14:52:22,21.53,55.98
 14/12/25,15:52:22,21.41,54.62
 14/12/25,16:52:22,21.31,54.32
 14/12/25,17:52:22,21.05,53.77
 14/12/25,18:52:22,20.89,53.64
 14/12/25,19:52:22,20.77,53.58
 14/12/25,20:52:22,20.66,53.68
 14/12/25,21:52:22,20.53,53.57
 14/12/25,22:52:22,20.38,53.50
 14/12/25,23:52:22,20.28,53.39
 15/12/25,00:52:22,20.24,53.45
 15/12/25,01:52:22,20.14,53.30
 15/12/25,02:52:22,20.10,53.28
 15/12/25,03:52:22,19.99,53.22
 15/12/25,04:52:22,19.89,53.14
 15/12/25,05:52:22,19.81,53.28
 15/12/25,06:52:22,19.83,53.97
 15/12/25,07:52:22,20.33,54.30
 15/12/25,08:52:22,21.22,59.84
 15/12/25,09:52:22,21.99,56.42
 15/12/25,10:52:22,22.36,54.71
 15/12/25,11:52:22,22.60,53.85
 15/12/25,12:52:22,22.77,53.61
 15/12/25,13:52:22,22.97,52.67
 15/12/25,14:52:22,23.08,51.83
 15/12/25,15:52:22,22.97,51.65
 15/12/25,16:52:22,22.92,51.54
 15/12/25,17:52:22,22.95,51.70
 15/12/25,18:52:22,22.45,51.92
 15/12/25,19:52:22,21.86,51.90
 15/12/25,20:52:22,21.47,52.16
 15/12/25,21:52:22,21.25,52.46
 15/12/25,22:52:22,21.10,52.50
 15/12/25,23:52:22,20.95,52.57
 16/12/25,00:52:22,20.83,52.72
 16/12/25,01:52:22,20.77,52.80
 16/12/25,02:52:22,20.64,52.65
 16/12/25,03:52:22,20.53,52.65
 16/12/25,04:52:22,20.44,52.71
 16/12/25,05:52:22,20.36,52.74
 16/12/25,06:52:22,20.33,52.77
 16/12/25,07:52:22,20.67,53.61
 16/12/25,08:52:22,21.50,54.14
 16/12/25,09:52:22,22.13,54.35
 16/12/25,10:52:22,22.55,54.34
 16/12/25,11:52:22,22.94,54.34
 16/12/25,12:52:22,23.36,55.12
 16/12/25,13:52:22,23.70,54.74
 16/12/25,14:52:22,23.44,55.19
 16/12/25,15:52:22,23.20,54.80
 16/12/25,16:52:22,22.72,53.83
 16/12/25,17:52:22,22.33,54.34
 16/12/25,18:52:22,21.95,53.54
 16/12/25,19:52:22,21.56,52.97
 16/12/25,20:52:22,21.25,52.77
 16/12/25,21:52:22,20.99,52.62
 16/12/25,22:52:22,20.92,54.01
 16/12/25,23:52:22,20.85,54.32
 17/12/25,00:52:22,20.74,54.44
 17/12/25,01:52:22,20.61,54.69
 17/12/25,02:52:22,20.58,55.12
 17/12/25,03:52:22,20.60,55.54
 17/12/25,04:52:22,20.55,55.76
 17/12/25,05:52:22,20.50,55.78
 17/12/25,06:52:22,20.50,56.02
 17/12/25,07:52:22,20.95,56.22
 17/12/25,08:52:22,21.60,55.95
 17/12/25,09:52:22,22.19,55.32
 17/12/25,10:52:22,22.72,55.78
 17/12/25,11:52:22,23.16,53.91
 17/12/25,12:52:22,22.85,52.03
 17/12/25,13:52:22,22.77,51.58
 17/12/25,14:52:22,22.86,51.33
 17/12/25,15:52:22,22.80,50.96
 17/12/25,16:52:22,22.89,51.64
 17/12/25,17:52:22,22.63,51.52
 17/12/25,18:52:22,21.63,49.62
 17/12/25,19:52:22,20.92,49.68
 17/12/25,20:52:22,20.53,50.36
 17/12/25,21:52:22,20.28,50.89
 17/12/25,22:52:22,20.13,51.30
 17/12/25,23:52:22,19.94,51.48
 18/12/25,00:52:22,19.75,51.49
 18/12/25,01:52:22,19.55,51.64
 18/12/25,02:52:22,19.39,51.69
 18/12/25,03:52:22,19.25,51.69
 18/12/25,04:52:22,19.10,51.79
 18/12/25,05:52:22,18.95,51.93
 18/12/25,06:52:22,18.85,52.16
 18/12/25,07:52:22,18.83,52.73
 18/12/25,08:52:22,18.85,52.72
 18/12/25,09:52:22,19.05,54.00
 18/12/25,10:52:22,19.45,55.01
 18/12/25,11:52:22,19.89,55.72
 18/12/25,12:52:22,20.19,55.84
 18/12/25,13:52:22,20.55,55.57
 18/12/25,14:52:22,20.81,55.68
 18/12/25,15:52:22,20.91,55.43
 18/12/25,16:52:22,21.22,55.30
 18/12/25,17:52:22,21.74,54.09
 18/12/25,18:52:22,21.39,54.41
 18/12/25,19:52:22,21.05,54.50
 18/12/25,20:52:22,20.81,54.50
 18/12/25,21:52:22,20.63,54.43
 18/12/25,22:52:22,20.45,54.51
 18/12/25,23:52:22,20.36,54.52
 19/12/25,00:52:22,20.22,54.52
 19/12/25,01:52:22,20.19,55.15
 19/12/25,02:52:22,20.14,55.37
 19/12/25,03:52:22,20.10,55.50
 19/12/25,04:52:22,20.06,55.73
 19/12/25,05:52:22,20.02,55.84
 19/12/25,06:52:22,20.02,56.07
 19/12/25,07:52:22,20.50,56.34
 19/12/25,08:52:22,21.06,55.87
 19/12/25,09:52:22,21.36,55.26
 19/12/25,10:52:22,21.70,55.02
 19/12/25,11:52:22,22.31,54.49
 19/12/25,12:52:22,21.70,55.22
 19/12/25,13:52:22,22.36,55.60
 19/12/25,14:52:22,22.52,56.54
 19/12/25,15:52:22,22.69,55.13
 19/12/25,16:52:22,22.78,55.07
 19/12/25,17:52:22,22.70,55.03
 19/12/25,18:52:22,22.11,55.63
 19/12/25,19:52:22,21.61,55.57
 19/12/25,20:52:22,21.28,55.62
 19/12/25,21:52:22,20.97,55.66
 19/12/25,22:52:22,20.80,55.74
 19/12/25,23:52:22,20.66,55.86
 20/12/25,00:52:22,20.53,55.90
 20/12/25,01:52:22,20.39,55.90
 20/12/25,02:52:22,20.27,55.80
 20/12/25,03:52:22,20.14,55.79
 20/12/25,04:52:22,20.00,55.72
 20/12/25,05:52:22,19.89,55.67
 20/12/25,06:52:22,19.77,55.68
 20/12/25,07:52:22,19.70,55.77
 20/12/25,08:52:22,19.67,56.03
 20/12/25,09:52:22,19.74,56.28
 20/12/25,10:52:22,19.88,56.82
 20/12/25,11:52:22,20.08,56.86
 20/12/25,12:52:22,20.20,57.01
 20/12/25,13:52:22,20.33,57.12
 20/12/25,14:52:22,20.45,57.20
 20/12/25,15:52:22,20.53,57.24
 20/12/25,16:52:22,20.56,57.29
 20/12/25,17:52:22,20.56,57.27
 20/12/25,18:52:22,20.55,57.24
 20/12/25,19:52:22,20.53,57.24
 20/12/25,20:52:22,20.50,57.10
 20/12/25,21:52:22,20.41,57.08
 20/12/25,22:52:22,20.36,57.06
 20/12/25,23:52:22,20.31,57.00
 21/12/25,00:52:22,20.27,57.05
 21/12/25,01:52:22,20.16,57.07
 21/12/25,02:52:22,20.17,57.44
 21/12/25,03:52:22,20.14,57.66
 21/12/25,04:52:22,20.06,57.79
 21/12/25,05:52:22,20.03,57.90
 21/12/25,06:52:22,20.00,57.99
 21/12/25,07:52:22,20.00,57.94
 21/12/25,08:52:22,20.03,57.93
 21/12/25,09:52:22,20.19,58.06
 21/12/25,10:52:22,20.24,57.84
 21/12/25,11:52:22,20.27,57.83
 21/12/25,12:52:22,20.24,57.74
 21/12/25,13:52:22,20.31,57.64
 21/12/25,14:52:22,20.36,57.64
 21/12/25,15:52:22,20.42,57.62
 21/12/25,16:52:22,20.47,57.48
 21/12/25,17:52:22,20.42,57.42
 21/12/25,18:52:22,20.27,57.37
 21/12/25,19:52:22,20.19,57.36
 21/12/25,20:52:22,20.16,57.26
 21/12/25,21:52:22,20.08,57.22
 21/12/25,22:52:22,20.00,57.11
 21/12/25,23:52:22,19.92,57.12
 22/12/25,00:52:22,19.89,56.92
 22/12/25,01:52:22,19.75,56.78
 22/12/25,02:52:22,19.69,56.64
 22/12/25,03:52:22,19.60,56.64
 22/12/25,04:52:22,19.53,56.54
 22/12/25,05:52:22,19.49,56.55
 22/12/25,06:52:22,19.41,56.96
 22/12/25,07:52:22,19.49,57.09
 22/12/25,08:52:22,19.61,57.93
 22/12/25,09:52:22,19.86,58.51
 22/12/25,10:52:22,20.06,58.51
 22/12/25,11:52:22,20.33,58.69
 22/12/25,12:52:22,20.55,59.07
 22/12/25,13:52:22,20.69,58.78
 22/12/25,14:52:22,20.78,58.39
 22/12/25,15:52:22,20.86,58.54
 22/12/25,16:52:22,20.97,58.20
 22/12/25,17:52:22,20.97,58.29
 22/12/25,18:52:22,20.91,57.93
 22/12/25,19:52:22,20.80,57.59
 22/12/25,20:52:22,20.70,57.29
 22/12/25,21:52:22,20.63,57.05
 22/12/25,22:52:22,20.49,56.87
 22/12/25,23:52:22,20.41,56.59
 23/12/25,00:52:22,20.36,56.50
 23/12/25,01:52:22,20.28,56.36
 23/12/25,02:52:22,20.22,56.35
 23/12/25,03:52:22,20.13,56.41
 23/12/25,04:52:22,20.03,56.38
 23/12/25,05:52:22,19.91,56.50
 23/12/25,06:52:22,19.86,56.90
 23/12/25,07:52:22,19.81,56.27
 23/12/25,08:52:22,19.92,57.41
 23/12/25,09:52:22,20.16,57.60
 23/12/25,10:52:22,20.61,58.64
 23/12/25,11:52:22,21.42,57.70
 23/12/25,12:52:22,22.05,57.57
 23/12/25,13:52:22,22.47,57.58
 23/12/25,14:52:22,22.85,57.38
 23/12/25,15:52:22,23.16,57.16
 23/12/25,16:52:22,23.39,56.99
 23/12/25,17:52:22,23.60,56.96
 23/12/25,18:52:22,23.74,56.94
 23/12/25,19:52:22,23.53,57.31
 23/12/25,20:52:22,23.16,58.02
 23/12/25,21:52:22,23.00,58.36
 23/12/25,22:52:22,22.88,58.67
 23/12/25,23:52:22,22.78,58.61
 24/12/25,00:52:22,22.75,58.75
 24/12/25,01:52:22,22.72,58.66
 24/12/25,02:52:22,22.67,58.66
 24/12/25,03:52:22,22.60,58.47
 24/12/25,04:52:22,22.55,58.60
 24/12/25,05:52:22,22.47,58.43
 24/12/25,06:52:22,22.41,58.61
 24/12/25,07:52:22,22.38,59.09
 24/12/25,08:52:22,22.39,59.32
 24/12/25,09:52:22,22.44,59.16
 24/12/25,10:52:22,22.49,59.41
 24/12/25,11:52:22,22.61,59.50
 24/12/25,12:52:22,22.72,59.95
 24/12/25,13:52:22,22.85,59.98
 24/12/25,14:52:22,22.97,59.99
 24/12/25,15:52:22,23.02,59.96
 24/12/25,16:52:22,23.13,59.82
 24/12/25,17:52:22,23.14,59.80
 24/12/25,18:52:22,23.16,59.88
 24/12/25,19:52:22,23.16,60.09
 24/12/25,20:52:22,23.19,60.00
 24/12/25,21:52:22,23.19,59.87
 24/12/25,22:52:22,23.14,59.96
 24/12/25,23:52:22,23.13,59.96
 25/12/25,00:52:22,23.08,59.78
 25/12/25,01:52:22,23.03,59.69
 25/12/25,02:52:22,23.03,59.63
 25/12/25,03:52:22,22.97,59.66
 25/12/25,04:52:22,22.91,59.50
 25/12/25,05:52:22,22.86,59.40
 25/12/25,06:52:22,22.77,59.31
 25/12/25,07:52:22,22.72,59.50
 25/12/25,08:52:22,22.70,59.85
 25/12/25,09:52:22,22.75,60.16
 25/12/25,10:52:22,22.75,59.92
 25/12/25,11:52:22,22.78,60.14
 25/12/25,12:52:22,22.94,60.54
 25/12/25,13:52:22,23.05,60.73
 25/12/25,14:52:22,23.19,60.82
 25/12/25,15:52:22,23.31,60.84
 25/12/25,16:52:22,23.38,60.84
 25/12/25,17:52:22,23.42,60.44
 25/12/25,18:52:22,23.44,60.45
 25/12/25,19:52:22,23.47,60.69
 25/12/25,20:52:22,23.50,60.79
 25/12/25,21:52:22,23.44,60.96
 25/12/25,22:52:22,23.42,60.44
 25/12/25,23:52:22,23.39,60.16
 26/12/25,00:52:22,23.35,60.05
 26/12/25,01:52:22,23.31,60.22
 26/12/25,02:52:22,23.25,59.97
 26/12/25,03:52:22,23.20,59.92
 26/12/25,04:52:22,23.17,60.03
 26/12/25,05:52:22,23.08,60.00
 26/12/25,06:52:22,22.97,59.78
 26/12/25,07:52:22,22.92,60.00
 26/12/25,08:52:22,22.94,60.29
 26/12/25,09:52:22,22.92,60.14
 26/12/25,10:52:22,22.97,60.20
 26/12/25,11:52:22,23.05,60.14
 26/12/25,12:52:22,23.11,60.59
 26/12/25,13:52:22,23.20,60.87
 26/12/25,14:52:22,23.31,61.09
 26/12/25,15:52:22,23.44,61.23
 26/12/25,16:52:22,23.53,61.13
 26/12/25,17:52:22,23.58,60.77
 26/12/25,18:52:22,23.60,60.74
 26/12/25,19:52:22,23.61,60.96
 26/12/25,20:52:22,23.64,61.08
 26/12/25,21:52:22,23.63,61.16
 26/12/25,22:52:22,23.60,60.93
 26/12/25,23:52:22,23.58,60.58
 27/12/25,00:52:22,23.52,60.51
 27/12/25,01:52:22,23.49,60.63
 27/12/25,02:52:22,23.42,60.47
 27/12/25,03:52:22,23.39,60.27
 27/12/25,04:52:22,23.36,60.24
 27/12/25,05:52:22,23.30,60.31
 27/12/25,06:52:22,23.24,60.15
 27/12/25,07:52:22,23.14,60.29
 27/12/25,08:52:22,23.16,60.72
 27/12/25,09:52:22,23.19,60.65
 27/12/25,10:52:22,23.16,60.52
 27/12/25,11:52:22,23.17,60.55
 27/12/25,12:52:22,23.22,60.52
 27/12/25,13:52:22,23.28,60.69
 27/12/25,14:52:22,23.35,60.68
 27/12/25,15:52:22,23.39,60.72
 27/12/25,16:52:22,23.42,60.82
 27/12/25,17:52:22,23.45,60.87
 27/12/25,18:52:22,23.49,60.98
 27/12/25,19:52:22,23.52,61.03
 27/12/25,20:52:22,23.50,60.76
 27/12/25,21:52:22,23.45,60.68
 27/12/25,22:52:22,23.44,60.60
 27/12/25,23:52:22,23.36,60.56
 28/12/25,00:52:22,23.31,60.60
 28/12/25,01:52:22,23.27,60.59
 28/12/25,02:52:22,23.24,60.65
 28/12/25,03:52:22,23.16,60.66
 28/12/25,04:52:22,23.10,60.67
 28/12/25,05:52:22,23.03,60.44
 28/12/25,06:52:22,22.94,60.43
 28/12/25,07:52:22,22.89,60.63
 28/12/25,08:52:22,22.89,60.84
 28/12/25,09:52:22,22.89,60.74
 28/12/25,10:52:22,22.92,60.92
 28/12/25,11:52:22,23.00,61.26
 28/12/25,12:52:22,23.13,61.43
 28/12/25,13:52:22,23.24,61.63
 28/12/25,14:52:22,23.39,61.76
 28/12/25,15:52:22,23.50,61.89
 28/12/25,16:52:22,23.58,61.79
 28/12/25,17:52:22,23.66,61.60
 28/12/25,18:52:22,23.63,61.30
 28/12/25,19:52:22,23.67,61.47
 28/12/25,20:52:22,23.66,61.57
 28/12/25,21:52:22,23.64,61.34
 28/12/25,22:52:22,23.58,61.24
 28/12/25,23:52:22,23.58,61.07
 29/12/25,00:52:22,23.55,60.70
 29/12/25,01:52:22,23.45,60.63
 29/12/25,02:52:22,23.44,60.66
 29/12/25,03:52:22,23.38,60.70
 29/12/25,04:52:22,23.31,60.61
 29/12/25,05:52:22,23.27,60.63
 29/12/25,06:52:22,23.27,60.59
 29/12/25,07:52:22,23.20,60.76
 29/12/25,08:52:22,23.20,60.71
 29/12/25,09:52:22,23.22,60.91
 29/12/25,10:52:22,23.24,60.89
 29/12/25,11:52:22,23.35,61.09
 29/12/25,12:52:22,23.42,61.56
 29/12/25,13:52:22,23.55,61.66
 29/12/25,14:52:22,23.61,61.84
 29/12/25,15:52:22,23.74,61.95
 29/12/25,16:52:22,23.81,61.88
 29/12/25,17:52:22,23.83,61.58
 29/12/25,18:52:22,23.83,61.48
 29/12/25,19:52:22,23.88,61.47
 29/12/25,20:52:22,23.88,61.48
 29/12/25,21:52:22,23.86,61.50
 29/12/25,22:52:22,23.80,61.17
 29/12/25,23:52:22,23.77,61.11
 30/12/25,00:52:22,23.72,61.10
 30/12/25,01:52:22,23.67,61.07
 30/12/25,02:52:22,23.63,61.00
 30/12/25,03:52:22,23.56,60.96
 30/12/25,04:52:22,23.47,60.85
 30/12/25,05:52:22,23.41,60.83
 30/12/25,06:52:22,23.25,60.91
 30/12/25,07:52:22,23.20,61.03
 30/12/25,08:52:22,23.19,61.12
 30/12/25,09:52:22,23.19,61.14
 30/12/25,10:52:22,23.24,61.27
 30/12/25,11:52:22,23.27,61.48
 30/12/25,12:52:22,23.36,61.69
 30/12/25,13:52:22,23.41,61.77
 30/12/25,14:52:22,23.52,61.91
 30/12/25,15:52:22,23.58,61.98
 30/12/25,16:52:22,23.66,61.97
 30/12/25,17:52:22,23.70,61.89
 30/12/25,18:52:22,23.74,61.58
 30/12/25,19:52:22,23.72,61.54
 30/12/25,20:52:22,23.75,61.47
 30/12/25,21:52:22,23.74,61.56
 30/12/25,22:52:22,23.69,61.51
 30/12/25,23:52:22,23.66,61.50
 31/12/25,00:52:22,23.61,61.37
 31/12/25,01:52:22,23.55,61.29
 31/12/25,02:52:22,23.49,61.26
 31/12/25,03:52:22,23.42,61.15
 31/12/25,04:52:22,23.30,61.07
 31/12/25,05:52:22,23.16,61.12
 31/12/25,06:52:22,23.03,61.14
 31/12/25,07:52:22,22.95,61.11
 31/12/25,08:52:22,22.91,61.23
 31/12/25,09:52:22,22.94,61.30
 31/12/25,10:52:22,22.94,61.58
 31/12/25,11:52:22,23.03,61.76
 31/12/25,12:52:22,23.14,61.89
 31/12/25,13:52:22,23.25,62.04
 31/12/25,14:52:22,23.39,62.16
 31/12/25,15:52:22,23.52,62.18
 31/12/25,16:52:22,23.58,62.18
 31/12/25,17:52:22,23.63,62.13
 31/12/25,18:52:22,23.67,61.87
 31/12/25,19:52:22,23.66,61.75
 31/12/25,20:52:22,23.64,61.31
 31/12/25,21:52:22,23.63,61.08
 31/12/25,22:52:22,23.55,61.29
 31/12/25,23:52:22,23.47,61.18
 01/01/26,00:52:22,23.42,61.13
 01/01/26,01:52:22,23.35,61.00
 01/01/26,02:52:22,23.24,60.94
 01/01/26,03:52:22,23.16,60.93
 01/01/26,04:52:22,23.10,60.94
 01/01/26,05:52:22,23.03,60.96
 01/01/26,06:52:22,22.94,60.95
 01/01/26,07:52:22,22.91,61.06
 01/01/26,08:52:22,22.89,61.14
 01/01/26,09:52:22,22.92,61.24
 01/01/26,10:52:22,22.92,61.47
 01/01/26,11:52:22,23.03,61.64
 01/01/26,12:52:22,23.10,61.79
 01/01/26,13:52:22,23.16,61.83
 01/01/26,14:52:22,23.22,61.91
 01/01/26,15:52:22,23.31,61.98
 01/01/26,16:52:22,23.39,62.04
 01/01/26,17:52:22,23.39,61.94
 01/01/26,18:52:22,23.44,61.95
 01/01/26,19:52:22,23.42,61.73
 01/01/26,20:52:22,23.41,61.49
 01/01/26,21:52:22,23.38,61.33
 01/01/26,22:52:22,23.35,61.39
 01/01/26,23:52:22,23.30,61.29
 02/01/26,00:52:22,23.27,61.26
 02/01/26,01:52:22,23.19,61.25
 02/01/26,02:52:22,23.13,61.19
 02/01/26,03:52:22,23.00,61.13
 02/01/26,04:52:22,22.88,61.10
 02/01/26,05:52:22,22.70,61.10
 02/01/26,06:52:22,22.56,61.10
 02/01/26,07:52:22,22.47,61.22
 02/01/26,08:52:22,22.45,61.29
 02/01/26,09:52:22,22.49,61.45
 02/01/26,10:52:22,22.56,61.54
 02/01/26,11:52:22,22.63,61.78
 02/01/26,12:52:22,22.70,61.93
 02/01/26,13:52:22,22.80,62.00
 02/01/26,14:52:22,22.92,62.13
 02/01/26,15:52:22,23.06,62.16
 02/01/26,16:52:22,23.11,62.19
 02/01/26,17:52:22,23.16,62.12
 02/01/26,18:52:22,23.19,62.09
 02/01/26,19:52:22,23.19,61.75
 02/01/26,20:52:22,23.16,61.78
 02/01/26,21:52:22,23.08,61.88
 02/01/26,22:52:22,23.00,61.60
 02/01/26,23:52:22,22.88,61.34
 03/01/26,00:52:22,22.72,61.24
 03/01/26,01:52:22,22.56,61.13
 03/01/26,02:52:22,22.42,61.05
 03/01/26,03:52:22,22.25,61.05
 03/01/26,04:52:22,22.11,61.11
 03/01/26,05:52:22,22.00,61.15
 03/01/26,06:52:22,21.91,61.20
 03/01/26,07:52:22,21.88,61.31
 03/01/26,08:52:22,21.88,61.35
 03/01/26,09:52:22,22.08,61.47
 03/01/26,10:52:22,22.72,60.88
 03/01/26,11:52:22,22.58,61.62
 03/01/26,12:52:22,22.50,62.02
 03/01/26,13:52:22,22.60,62.51
 03/01/26,14:52:22,22.64,62.69
 03/01/26,15:52:22,22.69,62.69
 03/01/26,16:52:22,22.77,62.45
 03/01/26,17:52:22,22.88,62.48
 03/01/26,18:52:22,22.88,62.74
 03/01/26,19:52:22,22.92,62.47
 03/01/26,20:52:22,22.94,62.33
 03/01/26,21:52:22,23.00,62.20
 03/01/26,22:52:22,22.97,62.21
 03/01/26,23:52:22,22.94,61.94
 04/01/26,00:52:22,22.88,62.15
 04/01/26,01:52:22,22.80,61.88
 04/01/26,02:52:22,22.69,61.73
 04/01/26,03:52:22,22.60,61.59
 04/01/26,04:52:22,22.45,61.50
 04/01/26,05:52:22,22.31,61.39
 04/01/26,06:52:22,22.16,61.34
 04/01/26,07:52:22,22.08,61.61
 04/01/26,08:52:22,22.08,61.86
 04/01/26,09:52:22,22.13,62.07
 04/01/26,10:52:22,22.25,62.64
 04/01/26,11:52:22,22.36,62.80
 04/01/26,12:52:22,22.49,62.95
 04/01/26,13:52:22,22.64,63.04
 04/01/26,14:52:22,22.75,63.09
 04/01/26,15:52:22,22.83,63.06
 04/01/26,16:52:22,22.92,63.04
 04/01/26,17:52:22,22.95,62.95
 04/01/26,18:52:22,22.97,62.61
 04/01/26,19:52:22,22.97,62.54
 04/01/26,20:52:22,22.99,62.66
 04/01/26,21:52:22,22.95,62.10
 04/01/26,22:52:22,22.91,61.86
 04/01/26,23:52:22,22.85,61.79
 05/01/26,00:52:22,22.83,62.23
 05/01/26,01:52:22,22.80,61.94
 05/01/26,02:52:22,22.78,61.86
 05/01/26,03:52:22,22.77,61.92
 05/01/26,04:52:22,22.69,61.88
 05/01/26,05:52:22,22.69,62.01
 05/01/26,06:52:22,22.67,61.96
 05/01/26,07:52:22,22.49,60.27
 05/01/26,08:52:22,22.27,59.98
 05/01/26,09:52:22,22.14,59.98
 05/01/26,10:52:22,22.94,57.54
 05/01/26,11:52:22,23.20,56.27
 05/01/26,12:52:22,23.41,55.60
 05/01/26,13:52:22,23.63,55.05
 05/01/26,14:52:22,23.69,54.75
 05/01/26,15:52:22,23.75,54.36
 05/01/26,16:52:22,23.67,53.96
 05/01/26,17:52:22,23.41,53.83
 05/01/26,18:52:22,22.72,54.66
 05/01/26,19:52:22,22.20,55.25
 05/01/26,20:52:22,21.89,55.57
 05/01/26,21:52:22,21.66,55.82
 05/01/26,22:52:22,21.44,56.00
 05/01/26,23:52:22,21.25,56.22
 06/01/26,00:52:22,21.11,56.55
 06/01/26,01:52:22,21.05,57.69
 06/01/26,02:52:22,20.88,57.99
 06/01/26,03:52:22,20.69,58.10
 06/01/26,04:52:22,20.58,58.06
 06/01/26,05:52:22,20.42,58.02
 06/01/26,06:52:22,20.28,58.07
 06/01/26,07:52:22,20.55,58.05
 06/01/26,08:52:22,21.22,57.41
 06/01/26,09:52:22,21.80,57.43
 06/01/26,10:52:22,22.31,57.24
 06/01/26,11:52:22,22.64,56.89
 06/01/26,12:52:22,22.44,57.37
 06/01/26,13:52:22,22.50,57.16
 06/01/26,14:52:22,23.16,56.35
 06/01/26,15:52:22,23.30,53.99
 06/01/26,16:52:22,23.38,53.48
 06/01/26,17:52:22,23.24,52.89
 06/01/26,18:52:22,22.52,53.28
 06/01/26,19:52:22,22.00,53.78
 06/01/26,20:52:22,21.67,54.28
 06/01/26,21:52:22,21.41,54.52
 06/01/26,22:52:22,21.20,54.61
 06/01/26,23:52:22,21.00,55.07
 07/01/26,00:52:22,20.85,55.05
 07/01/26,01:52:22,20.67,54.70
 07/01/26,02:52:22,20.56,55.95
 07/01/26,03:52:22,20.33,56.09
 07/01/26,04:52:22,20.11,56.14
 07/01/26,05:52:22,20.00,56.51
 07/01/26,06:52:22,19.99,56.88
 07/01/26,07:52:22,20.16,57.25
 07/01/26,08:52:22,20.97,56.73
 07/01/26,09:52:22,21.64,56.30
 07/01/26,10:52:22,22.16,56.57
 07/01/26,11:52:22,22.69,56.32
 07/01/26,12:52:22,23.06,56.39
 07/01/26,13:52:22,23.44,56.30
 07/01/26,14:52:22,23.63,55.71
 07/01/26,15:52:22,23.70,55.10
 07/01/26,16:52:22,23.70,54.57
 07/01/26,17:52:22,23.64,55.08
 07/01/26,18:52:22,23.11,56.40
 07/01/26,19:52:22,22.77,57.11
 07/01/26,20:52:22,22.55,57.61
 07/01/26,21:52:22,22.33,57.81
 07/01/26,22:52:22,22.24,58.31
 07/01/26,23:52:22,22.13,58.50
 08/01/26,00:52:22,22.06,58.48
 08/01/26,01:52:22,21.94,58.66
 08/01/26,02:52:22,21.83,58.89
 08/01/26,03:52:22,21.69,58.86
 08/01/26,04:52:22,21.63,58.74
 08/01/26,05:52:22,21.52,58.79
 08/01/26,06:52:22,21.35,58.90
 08/01/26,07:52:22,21.49,59.00
 08/01/26,08:52:22,22.27,58.20
 08/01/26,09:52:22,23.13,60.04
 08/01/26,10:52:22,22.27,64.72
 08/01/26,11:52:22,22.52,70.36
 08/01/26,12:52:22,23.02,70.55
 08/01/26,13:52:22,23.16,69.67
 08/01/26,14:52:22,23.35,70.12
 08/01/26,15:52:22,23.27,67.93
 08/01/26,16:52:22,23.17,67.45
 08/01/26,17:52:22,23.06,60.62
 08/01/26,18:52:22,22.52,58.42
 08/01/26,19:52:22,22.03,57.49
 08/01/26,20:52:22,21.81,58.71
 08/01/26,21:52:22,21.72,59.08
 08/01/26,22:52:22,21.69,59.43
 08/01/26,23:52:22,21.60,59.60
 09/01/26,00:52:22,21.60,59.57
 09/01/26,01:52:22,21.55,59.64
 09/01/26,02:52:22,21.45,59.60
 09/01/26,03:52:22,21.42,59.59
 09/01/26,04:52:22,21.35,59.63
 09/01/26,05:52:22,21.33,59.58
 09/01/26,06:52:22,21.30,59.41
 09/01/26,07:52:22,21.45,61.28
 09/01/26,08:52:22,22.47,62.64
 09/01/26,09:52:22,22.88,66.32
 09/01/26,10:52:22,23.36,62.67
 09/01/26,11:52:22,23.53,61.60
 09/01/26,12:52:22,23.67,60.72
 09/01/26,13:52:22,23.91,59.45
 09/01/26,14:52:22,23.78,56.85
 09/01/26,15:52:22,23.69,56.58
 09/01/26,16:52:22,23.63,57.60
 09/01/26,17:52:22,23.39,59.94
 09/01/26,18:52:22,22.69,66.23
 09/01/26,19:52:22,22.36,59.56
 09/01/26,20:52:22,22.10,63.55
 09/01/26,21:52:22,21.92,62.79
 09/01/26,22:52:22,21.66,58.98
 09/01/26,23:52:22,21.49,58.24
 10/01/26,00:52:22,21.28,57.89
 10/01/26,01:52:22,21.08,57.50
 10/01/26,02:52:22,20.95,57.11
 10/01/26,03:52:22,20.83,56.86
 10/01/26,04:52:22,20.70,56.67
 10/01/26,05:52:22,20.60,56.63
 10/01/26,06:52:22,20.64,57.33
 10/01/26,07:52:22,20.67,57.63
 10/01/26,08:52:22,20.80,57.85
 10/01/26,09:52:22,20.99,58.34
 10/01/26,10:52:22,21.08,58.27
 10/01/26,11:52:22,21.22,58.29
 10/01/26,12:52:22,21.38,58.39
 10/01/26,13:52:22,21.55,65.74
 10/01/26,14:52:22,21.47,61.45
 10/01/26,15:52:22,21.41,58.49
 10/01/26,16:52:22,21.47,69.77
 10/01/26,17:52:22,21.17,67.47
 10/01/26,18:52:22,21.05,58.40
 10/01/26,19:52:22,20.94,60.26
 10/01/26,20:52:22,20.85,60.10
 10/01/26,21:52:22,20.77,60.00
 10/01/26,22:52:22,20.67,60.81
 10/01/26,23:52:22,20.55,60.31
 11/01/26,00:52:22,20.53,61.59
 11/01/26,01:52:22,20.53,65.01
 11/01/26,02:52:22,20.55,64.07
 11/01/26,03:52:22,20.53,61.58
 11/01/26,04:52:22,20.49,61.96
 11/01/26,05:52:22,20.41,63.44
 11/01/26,06:52:22,20.33,63.71
 11/01/26,07:52:22,20.36,62.42
 11/01/26,08:52:22,20.44,67.65
 11/01/26,09:52:22,20.66,65.80
 11/01/26,10:52:22,20.94,64.39
 11/01/26,11:52:22,21.13,63.75
 11/01/26,12:52:22,21.28,62.74
 11/01/26,13:52:22,21.41,61.90
 11/01/26,14:52:22,21.33,61.12
 11/01/26,15:52:22,21.47,59.87
 11/01/26,16:52:22,21.41,60.56
 11/01/26,17:52:22,21.25,59.72
 11/01/26,18:52:22,21.10,59.67
 11/01/26,19:52:22,21.02,60.09
 11/01/26,20:52:22,20.89,60.55
 11/01/26,21:52:22,20.78,60.16
 11/01/26,22:52:22,20.80,64.96
 11/01/26,23:52:22,20.74,63.57
 12/01/26,00:52:22,20.75,62.07
 12/01/26,01:52:22,20.72,66.38
 12/01/26,02:52:22,20.70,63.70
 12/01/26,03:52:22,20.74,63.03
 12/01/26,04:52:22,20.72,63.12
 12/01/26,05:52:22,20.72,62.60
 12/01/26,06:52:22,20.61,63.06
 12/01/26,07:52:22,21.30,67.05
 12/01/26,08:52:22,21.95,62.28
 12/01/26,09:52:22,22.20,61.91
 12/01/26,10:52:22,22.38,61.72
 12/01/26,11:52:22,22.45,64.05
 12/01/26,12:52:22,22.53,68.20
 12/01/26,13:52:22,22.85,59.35
 12/01/26,14:52:22,22.91,59.31
 12/01/26,15:52:22,23.00,60.63
 12/01/26,16:52:22,23.00,58.52
 12/01/26,17:52:22,22.88,60.44
 12/01/26,18:52:22,22.22,61.09
 12/01/26,19:52:22,21.92,61.41
 12/01/26,20:52:22,21.69,61.03
 12/01/26,21:52:22,21.36,64.96
 12/01/26,22:52:22,21.13,62.22
 12/01/26,23:52:22,20.97,61.22
 13/01/26,00:52:22,20.88,65.00
 13/01/26,01:52:22,20.92,62.54
 13/01/26,02:52:22,20.80,63.25
 13/01/26,03:52:22,20.74,62.83
 13/01/26,04:52:22,20.58,64.27
 13/01/26,05:52:22,20.47,64.12
 13/01/26,06:52:22,20.38,63.93
 13/01/26,07:52:22,20.27,68.40
 13/01/26,08:52:22,20.92,63.96
 13/01/26,09:52:22,21.30,63.79
 13/01/26,10:52:22,21.45,64.79
 13/01/26,11:52:22,21.53,64.33
 13/01/26,12:52:22,21.52,64.33
 13/01/26,13:52:22,21.61,62.68
 13/01/26,14:52:22,21.77,63.22
 13/01/26,15:52:22,21.72,70.69
 13/01/26,16:52:22,21.88,61.89
 13/01/26,17:52:22,21.72,63.71
 13/01/26,18:52:22,21.58,66.67
 13/01/26,19:52:22,21.60,66.01
 13/01/26,20:52:22,21.55,67.08
 13/01/26,21:52:22,21.45,70.05
 13/01/26,22:52:22,21.55,67.38
 13/01/26,23:52:22,21.53,67.57
 14/01/26,00:52:22,21.42,69.78
 14/01/26,01:52:22,21.50,68.53
 14/01/26,02:52:22,21.39,69.25
 14/01/26,03:52:22,21.33,69.06
 14/01/26,04:52:22,21.25,69.64
 14/01/26,05:52:22,21.30,69.06
 14/01/26,06:52:22,21.30,68.71
 14/01/26,07:52:22,21.55,68.74
 14/01/26,08:52:22,21.81,67.51
 14/01/26,09:52:22,22.17,65.18
 14/01/26,10:52:22,22.28,64.34
 14/01/26,11:52:22,22.60,63.18
 14/01/26,12:52:22,22.70,63.43
 14/01/26,13:52:22,22.85,62.12
 14/01/26,14:52:22,22.95,61.68
 14/01/26,15:52:22,22.94,61.57
 14/01/26,16:52:22,23.10,62.86
 14/01/26,17:52:22,22.95,62.05
 14/01/26,18:52:22,22.67,63.91
 14/01/26,19:52:22,22.39,64.08
 14/01/26,20:52:22,22.08,63.63
 14/01/26,21:52:22,21.91,63.22
 14/01/26,22:52:22,21.69,63.58
 14/01/26,23:52:22,21.55,63.94
 15/01/26,00:52:22,21.41,63.51
 15/01/26,01:52:22,21.27,63.28
 15/01/26,02:52:22,21.11,63.10
 15/01/26,03:52:22,20.97,62.92
 15/01/26,04:52:22,20.83,62.81
 15/01/26,05:52:22,20.69,65.60
 15/01/26,06:52:22,20.55,64.04
 15/01/26,07:52:22,20.56,63.18
 15/01/26,08:52:22,20.92,63.47
 15/01/26,09:52:22,21.27,63.48
 15/01/26,10:52:22,21.63,67.43
 15/01/26,11:52:22,22.13,64.34
 15/01/26,12:52:22,22.25,64.14
 15/01/26,13:52:22,22.39,63.66
 15/01/26,14:52:22,22.56,62.41
 15/01/26,15:52:22,22.69,61.95
 15/01/26,16:52:22,22.78,62.07
 15/01/26,17:52:22,22.81,62.35
 15/01/26,18:52:22,22.44,61.68
 15/01/26,19:52:22,22.14,61.68
 15/01/26,20:52:22,21.91,63.24
 15/01/26,21:52:22,21.78,63.59
 15/01/26,22:52:22,21.66,62.17
 15/01/26,23:52:22,21.58,62.68
 16/01/26,00:52:22,21.55,63.12
 16/01/26,01:52:22,21.42,63.02
 16/01/26,02:52:22,21.38,63.00
 16/01/26,03:52:22,21.27,64.98
 16/01/26,04:52:22,21.13,64.59
 16/01/26,05:52:22,21.02,63.05
 16/01/26,06:52:22,20.89,62.83
 16/01/26,07:52:22,20.86,63.93
 16/01/26,08:52:22,21.22,63.33
 16/01/26,09:52:22,21.58,63.08
 16/01/26,10:52:22,21.86,62.37
 16/01/26,11:52:22,22.28,65.43
 16/01/26,12:52:22,22.13,62.29
 16/01/26,13:52:22,22.11,63.28
 16/01/26,14:52:22,22.27,62.43
 16/01/26,15:52:22,22.55,66.06
 16/01/26,16:52:22,22.67,62.16
 16/01/26,17:52:22,22.75,63.23
 16/01/26,18:52:22,22.52,63.77
 16/01/26,19:52:22,22.28,63.82
 16/01/26,20:52:22,22.06,63.09
 16/01/26,21:52:22,21.83,62.81
 16/01/26,22:52:22,21.60,62.94
 16/01/26,23:52:22,21.45,62.88
 17/01/26,00:52:22,21.25,63.01
 17/01/26,01:52:22,21.17,63.59
 17/01/26,02:52:22,21.13,63.83
 17/01/26,03:52:22,21.08,62.41
 17/01/26,04:52:22,20.97,62.56
 17/01/26,05:52:22,20.88,66.25
 17/01/26,06:52:22,20.75,63.79
 17/01/26,07:52:22,20.70,62.58
 17/01/26,08:52:22,20.66,61.98
 17/01/26,09:52:22,20.78,61.67
 17/01/26,10:52:22,21.05,62.96
 17/01/26,11:52:22,21.16,62.54
 17/01/26,12:52:22,21.19,61.78
 17/01/26,13:52:22,21.28,61.63
 17/01/26,14:52:22,21.42,61.57
 17/01/26,15:52:22,21.45,62.51
 17/01/26,16:52:22,21.49,67.65
 17/01/26,17:52:22,21.44,68.37
 17/01/26,18:52:22,21.33,67.08
 17/01/26,19:52:22,21.14,61.79
 17/01/26,20:52:22,21.02,61.21
 17/01/26,21:52:22,20.99,61.62
 17/01/26,22:52:22,20.88,60.99
 17/01/26,23:52:22,20.85,61.82
 18/01/26,00:52:22,20.78,60.76
 18/01/26,01:52:22,20.72,60.44
 18/01/26,02:52:22,20.70,60.23
 18/01/26,03:52:22,20.63,63.08
 18/01/26,04:52:22,20.64,63.56
 18/01/26,05:52:22,20.61,62.48
 18/01/26,06:52:22,20.58,63.01
 18/01/26,07:52:22,20.44,60.56
 18/01/26,08:52:22,20.47,60.50
 18/01/26,09:52:22,20.74,63.45
 18/01/26,10:52:22,20.94,61.55
 18/01/26,11:52:22,21.10,61.24
 18/01/26,12:52:22,21.16,60.94
 18/01/26,13:52:22,21.25,61.96
 18/01/26,14:52:22,21.33,60.40
 18/01/26,15:52:22,21.42,59.75
 18/01/26,16:52:22,21.45,60.96
 18/01/26,17:52:22,21.63,63.67
 18/01/26,18:52:22,21.41,67.08
 18/01/26,19:52:22,21.36,63.42
 18/01/26,20:52:22,21.19,60.73
 18/01/26,21:52:22,21.08,60.26
 18/01/26,22:52:22,21.03,60.27
 18/01/26,23:52:22,21.00,59.85
 19/01/26,00:52:22,20.88,59.41
 19/01/26,01:52:22,20.81,63.98
 19/01/26,02:52:22,20.91,60.73
 19/01/26,03:52:22,20.83,59.78
 19/01/26,04:52:22,20.75,61.90
 19/01/26,05:52:22,20.78,60.59
 19/01/26,06:52:22,20.70,60.78
 19/01/26,07:52:22,21.02,61.88
 19/01/26,08:52:22,21.31,61.53
 19/01/26,09:52:22,21.63,61.50
 19/01/26,10:52:22,21.80,61.00
 19/01/26,11:52:22,22.00,60.98
 19/01/26,12:52:22,22.25,61.46
 19/01/26,13:52:22,22.49,61.52
 19/01/26,14:52:22,22.70,62.20
 19/01/26,15:52:22,23.05,62.78
 19/01/26,16:52:22,23.42,73.80
 19/01/26,17:52:22,23.35,64.97
 19/01/26,18:52:22,22.77,61.84
 19/01/26,19:52:22,22.39,60.28
 19/01/26,20:52:22,22.06,60.57
 19/01/26,21:52:22,21.88,59.50
 19/01/26,22:52:22,21.74,60.19
 19/01/26,23:52:22,21.50,59.40
 20/01/26,00:52:22,21.30,59.33
 20/01/26,01:52:22,21.20,59.16
 20/01/26,02:52:22,21.08,58.95
 20/01/26,03:52:22,20.97,58.84
 20/01/26,04:52:22,20.91,58.66
 20/01/26,05:52:22,20.80,58.42
 20/01/26,06:52:22,20.70,58.26
 20/01/26,07:52:22,20.72,72.40
 20/01/26,08:52:22,21.47,62.37
 20/01/26,09:52:22,21.78,65.75
 20/01/26,10:52:22,21.99,74.30
 20/01/26,11:52:22,22.39,65.64
 20/01/26,12:52:22,22.16,79.85
 20/01/26,13:52:22,22.27,67.28
 20/01/26,14:52:22,22.47,65.92
 20/01/26,15:52:22,23.16,70.44
 20/01/26,16:52:22,23.47,63.26
 20/01/26,17:52:22,23.63,64.18
 20/01/26,18:52:22,22.80,61.86
 20/01/26,19:52:22,22.19,61.44
 20/01/26,20:52:22,21.88,61.26
 20/01/26,21:52:22,21.67,61.11
 20/01/26,22:52:22,21.49,60.93
 20/01/26,23:52:22,21.35,60.75
 21/01/26,00:52:22,21.19,60.41
 21/01/26,01:52:22,21.08,60.11
 21/01/26,02:52:22,20.95,60.13
 21/01/26,03:52:22,20.83,59.88
 21/01/26,04:52:22,20.75,59.68
 21/01/26,05:52:22,20.69,59.61
 21/01/26,06:52:22,20.60,59.31
 21/01/26,07:52:22,20.85,70.38
 21/01/26,08:52:22,21.94,68.36
 21/01/26,09:52:22,22.47,69.71
 21/01/26,10:52:22,22.75,66.71
 21/01/26,11:52:22,22.92,67.76
 21/01/26,12:52:22,22.89,72.65
 21/01/26,13:52:22,23.03,65.10
 21/01/26,14:52:22,22.97,74.59
 21/01/26,15:52:22,23.19,66.93
 21/01/26,16:52:22,23.27,64.90
 21/01/26,17:52:22,23.17,62.99
 21/01/26,18:52:22,22.30,62.06
 21/01/26,19:52:22,21.72,61.93
 21/01/26,20:52:22,21.36,61.81
 21/01/26,21:52:22,21.10,61.64
 21/01/26,22:52:22,20.91,61.37
 21/01/26,23:52:22,20.77,61.14
 22/01/26,00:52:22,20.63,61.10
 22/01/26,01:52:22,20.49,60.76
 22/01/26,02:52:22,20.41,60.48
 22/01/26,03:52:22,20.28,60.55
 22/01/26,04:52:22,20.16,60.50
 22/01/26,05:52:22,20.06,61.15
 22/01/26,06:52:22,19.94,60.44
 22/01/26,07:52:22,20.10,68.86
 22/01/26,08:52:22,21.06,71.97
 22/01/26,09:52:22,21.75,68.48
 22/01/26,10:52:22,22.20,65.47
 22/01/26,11:52:22,22.52,74.15
 22/01/26,12:52:22,22.60,78.09
 22/01/26,13:52:22,23.22,64.96
 22/01/26,14:52:22,23.35,61.86
 22/01/26,15:52:22,23.27,63.33
 22/01/26,16:52:22,23.27,67.86
 22/01/26,17:52:22,23.19,62.68
 22/01/26,18:52:22,22.55,61.58
 22/01/26,19:52:22,21.89,61.61
 22/01/26,20:52:22,21.50,61.58
 22/01/26,21:52:22,21.28,61.52
 22/01/26,22:52:22,21.10,61.31
 22/01/26,23:52:22,20.94,61.17
 23/01/26,00:52:22,20.80,61.03
 23/01/26,01:52:22,20.69,60.70
 23/01/26,02:52:22,20.58,60.77
 23/01/26,03:52:22,20.47,60.73
 23/01/26,04:52:22,20.36,60.54
 23/01/26,05:52:22,20.24,60.71
 23/01/26,06:52:22,20.14,60.69
 23/01/26,07:52:22,20.19,70.00
 23/01/26,08:52:22,21.20,66.92
 23/01/26,09:52:22,21.67,72.64
 23/01/26,10:52:22,22.14,67.41
 23/01/26,11:52:22,22.55,72.40
 23/01/26,12:52:22,22.67,64.94
 23/01/26,13:52:22,23.10,62.88
 23/01/26,14:52:22,23.30,74.90
 23/01/26,15:52:22,23.45,74.35
 23/01/26,16:52:22,23.33,65.62
 23/01/26,17:52:22,23.27,73.20
 23/01/26,18:52:22,23.81,66.81
 23/01/26,19:52:22,23.22,61.52
 23/01/26,20:52:22,22.33,61.33
 23/01/26,21:52:22,21.83,61.43
 23/01/26,22:52:22,21.50,61.55
 23/01/26,23:52:22,21.25,61.49
 24/01/26,00:52:22,21.06,61.36
 24/01/26,01:52:22,20.85,61.07
 24/01/26,02:52:22,20.70,60.94
 24/01/26,03:52:22,20.61,60.91
 24/01/26,04:52:22,20.44,60.66
 24/01/26,05:52:22,20.30,60.55
 24/01/26,06:52:22,20.20,60.38
 24/01/26,07:52:22,20.19,60.36
 24/01/26,08:52:22,20.28,60.12
 24/01/26,09:52:22,20.49,59.95
 24/01/26,10:52:22,20.74,59.74
 24/01/26,11:52:22,20.92,59.54
 24/01/26,12:52:22,21.11,59.34
 24/01/26,13:52:22,21.28,59.23
 24/01/26,14:52:22,21.38,59.00
 24/01/26,15:52:22,21.39,58.69
 24/01/26,16:52:22,21.33,58.48
 24/01/26,17:52:22,21.39,60.59
 24/01/26,18:52:22,21.42,60.93
 24/01/26,19:52:22,21.47,61.14
 24/01/26,20:52:22,21.47,61.45
 24/01/26,21:52:22,21.42,61.73
 24/01/26,22:52:22,21.42,61.85
 24/01/26,23:52:22,21.41,62.16
 25/01/26,00:52:22,21.41,62.58
 25/01/26,01:52:22,21.42,63.29
 25/01/26,02:52:22,21.44,63.56
 25/01/26,03:52:22,21.39,63.81
 25/01/26,04:52:22,21.35,64.28
 25/01/26,05:52:22,21.28,64.44
 25/01/26,06:52:22,21.30,64.66
 25/01/26,07:52:22,21.38,64.57
 25/01/26,08:52:22,21.53,64.44
 25/01/26,09:52:22,21.70,62.71
 25/01/26,10:52:22,21.75,61.23
 25/01/26,11:52:22,21.80,60.61
 25/01/26,12:52:22,21.60,59.84
 25/01/26,13:52:22,21.56,59.72
 25/01/26,14:52:22,21.58,59.36
 25/01/26,15:52:22,21.60,59.13
 25/01/26,16:52:22,21.50,58.85
 25/01/26,17:52:22,21.42,58.58
 25/01/26,18:52:22,21.31,58.96
 25/01/26,19:52:22,21.20,58.50
 25/01/26,20:52:22,21.03,58.48
 25/01/26,21:52:22,20.92,58.53
 25/01/26,22:52:22,20.80,58.60
 25/01/26,23:52:22,20.67,58.49
 26/01/26,00:52:22,20.58,58.23
 26/01/26,01:52:22,20.45,58.12
 26/01/26,02:52:22,20.33,58.04
 26/01/26,03:52:22,20.24,58.07
 26/01/26,04:52:22,20.14,59.12
 26/01/26,05:52:22,20.06,59.41
 26/01/26,06:52:22,19.97,59.81
 26/01/26,07:52:22,20.41,73.29
 26/01/26,08:52:22,21.33,71.02
 26/01/26,09:52:22,21.78,73.23
 26/01/26,10:52:22,22.56,63.30
 26/01/26,11:52:22,22.83,60.40
 26/01/26,12:52:22,22.95,60.40
 26/01/26,13:52:22,23.11,59.06
 26/01/26,14:52:22,23.25,58.92
 26/01/26,15:52:22,22.56,61.43
 26/01/26,16:52:22,22.75,65.10
 26/01/26,17:52:22,22.97,62.85
 26/01/26,18:52:22,22.39,61.93
 26/01/26,19:52:22,21.92,66.74
 26/01/26,20:52:22,21.72,64.59
 26/01/26,21:52:22,21.53,64.41
 26/01/26,22:52:22,21.53,60.84
 26/01/26,23:52:22,21.39,61.54
 27/01/26,00:52:22,21.28,60.64
 27/01/26,01:52:22,21.25,62.64
 27/01/26,02:52:22,21.16,63.57
 27/01/26,03:52:22,21.05,65.17
 27/01/26,04:52:22,21.02,62.12
 27/01/26,05:52:22,20.97,62.21
 27/01/26,06:52:22,20.88,61.74
 27/01/26,07:52:22,21.03,62.96
 27/01/26,08:52:22,21.39,62.02
 27/01/26,09:52:22,21.66,64.86
 27/01/26,10:52:22,21.99,63.11
 27/01/26,11:52:22,21.99,61.91
 27/01/26,12:52:22,22.08,61.36
 27/01/26,13:52:22,22.28,61.27
 27/01/26,14:52:22,22.60,61.67
 27/01/26,15:52:22,22.75,61.23
 27/01/26,16:52:22,22.80,60.92
 27/01/26,17:52:22,22.83,60.37
 27/01/26,18:52:22,22.44,59.85
 27/01/26,19:52:22,22.11,59.54
 27/01/26,20:52:22,21.80,59.40
 27/01/26,21:52:22,21.61,58.98
 27/01/26,22:52:22,21.45,59.30
 27/01/26,23:52:22,21.35,59.27
 28/01/26,00:52:22,21.24,59.06
 28/01/26,01:52:22,21.14,58.84
 28/01/26,02:52:22,21.00,58.80
 28/01/26,03:52:22,20.91,58.66
 28/01/26,04:52:22,20.80,58.60
 28/01/26,05:52:22,20.74,58.44
 28/01/26,06:52:22,20.63,58.35
 28/01/26,07:52:22,20.78,59.25
 28/01/26,08:52:22,21.14,61.40
 28/01/26,09:52:22,21.35,68.33
 28/01/26,10:52:22,21.42,66.89
 28/01/26,11:52:22,21.75,66.69
 28/01/26,12:52:22,21.89,67.71
 28/01/26,13:52:22,22.06,68.91
 28/01/26,14:52:22,22.27,64.53
 28/01/26,15:52:22,22.42,66.23
 28/01/26,16:52:22,22.53,64.49
 28/01/26,17:52:22,22.47,66.91
 28/01/26,18:52:22,22.11,63.43
 28/01/26,19:52:22,21.72,63.92
 28/01/26,20:52:22,21.47,65.81
 28/01/26,21:52:22,21.33,68.51
 28/01/26,22:52:22,21.22,64.37
 28/01/26,23:52:22,21.16,65.02
 29/01/26,00:52:22,21.13,68.18
 29/01/26,01:52:22,21.17,70.06
 29/01/26,02:52:22,21.20,71.10
 29/01/26,03:52:22,21.20,70.81
 29/01/26,04:52:22,21.16,68.81
 29/01/26,05:52:22,21.05,70.66
 29/01/26,06:52:22,21.03,71.06
 29/01/26,07:52:22,21.19,71.09
 29/01/26,08:52:22,21.64,70.00
 29/01/26,09:52:22,21.94,69.73
 29/01/26,10:52:22,22.19,70.69
 29/01/26,11:52:22,22.38,73.93
 29/01/26,12:52:22,22.36,68.11
 29/01/26,13:52:22,22.69,67.24
 29/01/26,14:52:22,22.61,65.39
 29/01/26,15:52:22,22.81,67.16
 29/01/26,16:52:22,22.75,64.94
 29/01/26,17:52:22,22.74,69.86
 29/01/26,18:52:22,22.39,63.94
 29/01/26,19:52:22,22.08,64.41
 29/01/26,20:52:22,21.74,63.41
 29/01/26,21:52:22,21.63,64.07
 29/01/26,22:52:22,21.49,69.28
 29/01/26,23:52:22,21.38,65.39
 30/01/26,00:52:22,21.27,64.80
 30/01/26,01:52:22,21.08,68.44
 30/01/26,02:52:22,21.03,64.59
 30/01/26,03:52:22,20.95,65.28
 30/01/26,04:52:22,20.83,66.29
 30/01/26,05:52:22,20.66,66.12
 30/01/26,06:52:22,20.53,71.01
 30/01/26,07:52:22,20.70,67.50
 30/01/26,08:52:22,21.02,65.77
 30/01/26,09:52:22,21.41,66.41
 30/01/26,10:52:22,21.55,64.77
 30/01/26,11:52:22,21.97,66.76
 30/01/26,12:52:22,22.06,64.83
 30/01/26,13:52:22,22.24,64.39
 30/01/26,14:52:22,22.41,64.38
 30/01/26,15:52:22,22.64,64.42
 30/01/26,16:52:22,22.80,63.92
 30/01/26,17:52:22,22.67,63.01
 30/01/26,18:52:22,22.28,62.86
 30/01/26,19:52:22,22.05,62.68
 30/01/26,20:52:22,21.78,62.19
 30/01/26,21:52:22,21.63,70.71
 30/01/26,22:52:22,21.47,71.04
 30/01/26,23:52:22,21.33,68.03
 31/01/26,00:52:22,21.20,67.72
 31/01/26,01:52:22,21.03,67.30
 31/01/26,02:52:22,20.85,66.91
 31/01/26,03:52:22,20.69,66.72
 31/01/26,04:52:22,20.58,66.65
 31/01/26,05:52:22,20.44,66.82
 31/01/26,06:52:22,20.27,66.61
 31/01/26,07:52:22,20.16,66.48
 31/01/26,08:52:22,20.06,64.88
 31/01/26,09:52:22,20.16,64.77
 31/01/26,10:52:22,20.33,64.29
 31/01/26,11:52:22,20.58,67.53
 31/01/26,12:52:22,20.70,64.00
 31/01/26,13:52:22,20.70,63.58
 31/01/26,14:52:22,20.89,64.38
 31/01/26,15:52:22,21.03,63.86
 31/01/26,16:52:22,21.03,63.22
 31/01/26,17:52:22,21.00,63.35
 31/01/26,18:52:22,20.97,64.10
 31/01/26,19:52:22,20.80,64.46
 31/01/26,20:52:22,20.63,63.30
 31/01/26,21:52:22,20.49,62.99
 31/01/26,22:52:22,20.41,62.68
 31/01/26,23:52:22,20.28,62.25
 01/02/26,00:52:22,20.13,61.94
 01/02/26,01:52:22,20.20,64.00
 01/02/26,02:52:22,20.10,64.06
 01/02/26,03:52:22,19.91,64.07
 01/02/26,04:52:22,19.85,64.23
 01/02/26,05:52:22,19.72,64.52
 01/02/26,06:52:22,19.63,64.69
 01/02/26,07:52:22,19.70,68.37
 01/02/26,08:52:22,19.92,67.77
 01/02/26,09:52:22,20.11,67.17
 01/02/26,10:52:22,20.36,67.70
 01/02/26,11:52:22,20.60,67.19
 01/02/26,12:52:22,21.10,74.02
 01/02/26,13:52:22,21.20,68.94
 01/02/26,14:52:22,21.31,68.41
 01/02/26,15:52:22,21.17,65.03
 01/02/26,16:52:22,20.92,62.57
 01/02/26,17:52:22,20.75,62.52
 01/02/26,18:52:22,20.74,63.92
 01/02/26,19:52:22,20.56,63.90
 01/02/26,20:52:22,20.44,68.17
 01/02/26,21:52:22,20.45,68.67
 01/02/26,22:52:22,20.38,66.30
 01/02/26,23:52:22,20.16,71.58
 02/02/26,00:52:22,20.06,68.84
 02/02/26,01:52:22,19.95,68.06
 02/02/26,02:52:22,19.72,70.38
 02/02/26,03:52:22,19.63,68.75
 02/02/26,04:52:22,19.50,71.75
 02/02/26,05:52:22,19.44,70.02
 02/02/26,06:52:22,19.31,72.71
 02/02/26,07:52:22,19.28,71.44
 02/02/26,08:52:22,19.39,70.48
 02/02/26,09:52:22,19.52,70.67
 02/02/26,10:52:22,19.70,70.91
 02/02/26,11:52:22,19.97,72.09
 02/02/26,12:52:22,20.25,74.62
 02/02/26,13:52:22,20.52,70.50
 02/02/26,14:52:22,20.85,71.84
 02/02/26,15:52:22,20.80,70.42
 02/02/26,16:52:22,20.97,71.64
 02/02/26,17:52:22,20.88,69.72
 02/02/26,18:52:22,20.75,69.05
 02/02/26,19:52:22,20.67,71.72
 02/02/26,20:52:22,20.69,73.39
 02/02/26,21:52:22,20.70,71.95
 02/02/26,22:52:22,20.66,71.23
 02/02/26,23:52:22,20.63,71.32
 03/02/26,00:52:22,20.56,71.20
 03/02/26,01:52:22,20.55,71.09
 03/02/26,02:52:22,20.50,73.02
 03/02/26,03:52:22,20.42,74.35
 03/02/26,04:52:22,20.28,73.93
 03/02/26,05:52:22,20.20,73.28
 03/02/26,06:52:22,20.10,72.99
 03/02/26,07:52:22,20.24,73.39
 03/02/26,08:52:22,20.66,71.79
 03/02/26,09:52:22,20.97,71.61
 03/02/26,10:52:22,21.22,70.78
 03/02/26,11:52:22,21.49,69.80
 03/02/26,12:52:22,21.95,72.45
 03/02/26,13:52:22,21.99,69.45
 03/02/26,14:52:22,22.02,69.51
 03/02/26,15:52:22,22.14,68.90
 03/02/26,16:52:22,22.33,68.81
 03/02/26,17:52:22,22.39,71.69
 03/02/26,18:52:22,21.89,69.34
 03/02/26,19:52:22,21.47,67.65
 03/02/26,20:52:22,21.13,67.08
 03/02/26,21:52:22,20.78,72.53
 03/02/26,22:52:22,20.60,68.91
 03/02/26,23:52:22,20.41,68.42
 04/02/26,00:52:22,20.19,68.53
 04/02/26,01:52:22,19.91,72.65
 04/02/26,02:52:22,19.74,71.95
 04/02/26,03:52:22,19.61,71.54
 04/02/26,04:52:22,19.45,71.16
 04/02/26,05:52:22,19.31,71.26
 04/02/26,06:52:22,18.95,74.68
 04/02/26,07:52:22,19.13,73.22
 04/02/26,08:52:22,19.67,73.44
 04/02/26,09:52:22,20.10,72.21
 04/02/26,10:52:22,20.52,72.11
 04/02/26,11:52:22,20.80,71.00
 04/02/26,12:52:22,21.28,77.53
 04/02/26,13:52:22,21.47,71.16
 04/02/26,14:52:22,21.55,69.58
 04/02/26,15:52:22,21.60,68.97
 04/02/26,16:52:22,21.60,67.82
 04/02/26,17:52:22,21.75,70.84
 04/02/26,18:52:22,21.36,66.88
 04/02/26,19:52:22,21.03,66.10
 04/02/26,20:52:22,20.78,65.31
 04/02/26,21:52:22,20.80,66.68
 04/02/26,22:52:22,20.72,68.77
 04/02/26,23:52:22,20.53,69.78
 05/02/26,00:52:22,20.45,66.29
 05/02/26,01:52:22,20.44,66.79
 05/02/26,02:52:22,20.36,67.54
 05/02/26,03:52:22,20.20,68.26
 05/02/26,04:52:22,20.10,73.37
 05/02/26,05:52:22,19.97,70.03
 05/02/26,06:52:22,19.97,67.34
 05/02/26,07:52:22,20.06,67.96
 05/02/26,08:52:22,20.41,67.63
 05/02/26,09:52:22,20.85,70.21
 05/02/26,10:52:22,21.31,68.75
 05/02/26,11:52:22,21.70,67.66
 05/02/26,12:52:22,21.69,66.62
 05/02/26,13:52:22,21.83,65.88
 05/02/26,14:52:22,21.89,65.48
 05/02/26,15:52:22,22.10,65.35
 05/02/26,16:52:22,22.17,65.21
 05/02/26,17:52:22,22.19,68.60
 05/02/26,18:52:22,22.11,66.96
 05/02/26,19:52:22,21.67,63.80
 05/02/26,20:52:22,21.55,66.78
 05/02/26,21:52:22,21.38,66.63
 05/02/26,22:52:22,21.22,66.73
 05/02/26,23:52:22,21.05,68.88
 06/02/26,00:52:22,20.89,69.36
 06/02/26,01:52:22,20.75,66.96
 06/02/26,02:52:22,20.55,66.55
 06/02/26,03:52:22,20.33,69.95
 06/02/26,04:52:22,20.20,67.74
 06/02/26,05:52:22,20.02,66.88
 06/02/26,06:52:22,19.81,66.69
 06/02/26,07:52:22,19.88,67.32
 06/02/26,08:52:22,20.19,67.00
 06/02/26,09:52:22,20.50,66.70
 06/02/26,10:52:22,20.86,66.77
 06/02/26,11:52:22,21.11,66.63
 06/02/26,12:52:22,21.30,65.82
 06/02/26,13:52:22,21.83,67.48
 06/02/26,14:52:22,22.19,67.28
 06/02/26,15:52:22,22.45,65.91
 06/02/26,16:52:22,22.22,64.62
 06/02/26,17:52:22,22.16,64.92
 06/02/26,18:52:22,22.06,67.05
 06/02/26,19:52:22,21.78,65.36
 06/02/26,20:52:22,21.49,65.33
 06/02/26,21:52:22,21.25,65.89
 06/02/26,22:52:22,21.00,71.19
 06/02/26,23:52:22,20.88,68.60
 07/02/26,00:52:22,20.70,67.01
 07/02/26,01:52:22,20.53,70.42
 07/02/26,02:52:22,20.38,68.41
 07/02/26,03:52:22,20.20,67.89
 07/02/26,04:52:22,20.11,69.31
 07/02/26,05:52:22,19.86,74.19
 07/02/26,06:52:22,19.70,70.88
 07/02/26,07:52:22,19.55,70.28
 07/02/26,08:52:22,19.58,70.98
 07/02/26,09:52:22,19.66,67.00
 07/02/26,10:52:22,19.70,66.84
 07/02/26,11:52:22,19.92,67.28
 07/02/26,12:52:22,20.33,72.82
 07/02/26,13:52:22,20.78,76.70
 07/02/26,14:52:22,20.61,68.25
 07/02/26,15:52:22,20.50,71.08
 07/02/26,16:52:22,20.47,67.23
 07/02/26,17:52:22,20.30,65.97
 07/02/26,18:52:22,20.20,69.78
 07/02/26,19:52:22,20.08,65.65
 07/02/26,20:52:22,19.89,64.77
 07/02/26,21:52:22,19.78,64.38
 07/02/26,22:52:22,19.67,64.03
 07/02/26,23:52:22,19.74,65.79
 08/02/26,00:52:22,19.67,67.39
 08/02/26,01:52:22,19.55,67.53
 08/02/26,02:52:22,19.45,68.15
 08/02/26,03:52:22,19.36,69.13
 08/02/26,04:52:22,19.24,69.79
 08/02/26,05:52:22,19.02,70.45
 08/02/26,06:52:22,18.88,71.14
 08/02/26,07:52:22,18.85,72.39
 08/02/26,08:52:22,19.05,70.80
 08/02/26,09:52:22,19.27,71.80
 08/02/26,10:52:22,19.50,70.93
 08/02/26,11:52:22,19.70,70.79
 08/02/26,12:52:22,19.95,70.48
 08/02/26,13:52:22,20.24,70.49
 08/02/26,14:52:22,20.41,70.25
 08/02/26,15:52:22,20.61,73.66
 08/02/26,16:52:22,20.85,71.35
 08/02/26,17:52:22,20.72,70.30
 08/02/26,18:52:22,20.66,69.81
 08/02/26,19:52:22,20.61,69.48
 08/02/26,20:52:22,20.58,71.95
 08/02/26,21:52:22,20.63,71.71
 08/02/26,22:52:22,20.63,70.27
 08/02/26,23:52:22,20.60,70.90
 09/02/26,00:52:22,20.49,71.09
 09/02/26,01:52:22,20.33,74.34
 09/02/26,02:52:22,20.28,72.69
 09/02/26,03:52:22,20.11,71.99
 09/02/26,04:52:22,19.92,74.25
 09/02/26,05:52:22,19.91,71.62
 09/02/26,06:52:22,19.77,71.90
 09/02/26,07:52:22,21.86,65.44
 09/02/26,08:52:22,21.83,65.80
 09/02/26,09:52:22,21.80,61.00
 09/02/26,10:52:22,21.95,63.40
